<?xml version="1.0" encoding="UTF-8" standalone="no"?>
<Session genome="hg38" locus="All" nextAutoscaleGroup="1" version="8">
  <Resources>
    <Resource name="H3K27me3 (@ Colon, Sigmoid) SRX7509666" path="https://chip-atlas.dbcls.jp/data/hg38/eachData/bw/SRX7509666.bw" type="bw"/>"
    <Resource name="H3K27me3 (@ Colon, Sigmoid) SRX7509667" path="https://chip-atlas.dbcls.jp/data/hg38/eachData/bw/SRX7509667.bw" type="bw"/>"
    <Resource name="H3K27me3 (@ Colon, Sigmoid) SRX7089233" path="https://chip-atlas.dbcls.jp/data/hg38/eachData/bw/SRX7089233.bw" type="bw"/>"
    <Resource name="H3K27me3 (@ Colon, Sigmoid) SRX7089234" path="https://chip-atlas.dbcls.jp/data/hg38/eachData/bw/SRX7089234.bw" type="bw"/>"
    <Resource name="H3K27me3 (@ Colon, Sigmoid) SRX7509239" path="https://chip-atlas.dbcls.jp/data/hg38/eachData/bw/SRX7509239.bw" type="bw"/>"
    <Resource name="H3K27me3 (@ Colon, Sigmoid) SRX7509240" path="https://chip-atlas.dbcls.jp/data/hg38/eachData/bw/SRX7509240.bw" type="bw"/>"
    <Resource path="./wabi_chipatlas_2024-0808-2350-58-442-748087.igv.bed" type="bed"/>
  </Resources>
  <Panel height="40" name="DataPanel" width="1000">
    <Track attributeKey="Reference sequence" clazz="org.broad.igv.track.SequenceTrack" fontSize="10" id="Reference sequence" name="Reference sequence" sequenceTranslationStrandValue="POSITIVE" shouldShowTranslation="true" visible="true"/>
    <Track attributeKey="Refseq Genes" clazz="org.broad.igv.track.FeatureTrack" color="51,51,51" colorScale="ContinuousColorScale;0.0;101.0;255,255,255;0,0,178" fontSize="10" groupByStrand="false" height="40" id="hg38_genes" name="Refseq Genes" visible="true"/>
  </Panel>
  <Panel height="40" name="BigWigPanal1" width="1000">
    <Track attributeKey="H3K27me3 (@ Colon, Sigmoid) SRX7509666" autoScale="false" autoscaleGroup="2" clazz="org.broad.igv.track.DataSourceTrack" color="222,131,68" fontSize="10" height="40" id="https://chip-atlas.dbcls.jp/data/hg38/eachData/bw/SRX7509666.bw" name="H3K27me3 (@ Colon, Sigmoid) SRX7509666" renderer="BAR_CHART" visible="true" windowFunction="mean">
      <DataRange baseline="0.0" drawBaseline="true" flipAxis="false" maximum="1" minimum="0.0" type="LINEAR"/>
    </Track>
    <Track attributeKey="H3K27me3 (@ Colon, Sigmoid) SRX7509667" autoScale="false" autoscaleGroup="2" clazz="org.broad.igv.track.DataSourceTrack" color="222,131,68" fontSize="10" height="40" id="https://chip-atlas.dbcls.jp/data/hg38/eachData/bw/SRX7509667.bw" name="H3K27me3 (@ Colon, Sigmoid) SRX7509667" renderer="BAR_CHART" visible="true" windowFunction="mean">
      <DataRange baseline="0.0" drawBaseline="true" flipAxis="false" maximum="1" minimum="0.0" type="LINEAR"/>
    </Track>
    <Track attributeKey="H3K27me3 (@ Colon, Sigmoid) SRX7089233" autoScale="false" autoscaleGroup="2" clazz="org.broad.igv.track.DataSourceTrack" color="222,131,68" fontSize="10" height="40" id="https://chip-atlas.dbcls.jp/data/hg38/eachData/bw/SRX7089233.bw" name="H3K27me3 (@ Colon, Sigmoid) SRX7089233" renderer="BAR_CHART" visible="true" windowFunction="mean">
      <DataRange baseline="0.0" drawBaseline="true" flipAxis="false" maximum="1" minimum="0.0" type="LINEAR"/>
    </Track>
    <Track attributeKey="H3K27me3 (@ Colon, Sigmoid) SRX7089234" autoScale="false" autoscaleGroup="2" clazz="org.broad.igv.track.DataSourceTrack" color="222,131,68" fontSize="10" height="40" id="https://chip-atlas.dbcls.jp/data/hg38/eachData/bw/SRX7089234.bw" name="H3K27me3 (@ Colon, Sigmoid) SRX7089234" renderer="BAR_CHART" visible="true" windowFunction="mean">
      <DataRange baseline="0.0" drawBaseline="true" flipAxis="false" maximum="1" minimum="0.0" type="LINEAR"/>
    </Track>
  </Panel>
  <Panel height="40" name="BigWigPanal2" width="1000">
    <Track attributeKey="H3K27me3 (@ Colon, Sigmoid) SRX7509239" autoScale="false" autoscaleGroup="2" clazz="org.broad.igv.track.DataSourceTrack" color="106,153,208" fontSize="10" height="40" id="https://chip-atlas.dbcls.jp/data/hg38/eachData/bw/SRX7509239.bw" name="H3K27me3 (@ Colon, Sigmoid) SRX7509239" renderer="BAR_CHART" visible="true" windowFunction="mean">
      <DataRange baseline="0.0" drawBaseline="true" flipAxis="false" maximum="1" minimum="0.0" type="LINEAR"/>
    </Track>
    <Track attributeKey="H3K27me3 (@ Colon, Sigmoid) SRX7509240" autoScale="false" autoscaleGroup="2" clazz="org.broad.igv.track.DataSourceTrack" color="106,153,208" fontSize="10" height="40" id="https://chip-atlas.dbcls.jp/data/hg38/eachData/bw/SRX7509240.bw" name="H3K27me3 (@ Colon, Sigmoid) SRX7509240" renderer="BAR_CHART" visible="true" windowFunction="mean">
      <DataRange baseline="0.0" drawBaseline="true" flipAxis="false" maximum="1" minimum="0.0" type="LINEAR"/>
    </Track>
  </Panel>
  <Panel height="40" name="FeaturePanel" width="1000">
    <Track attributeKey="wabi_chipatlas_2024-0808-2350-58-442-748087.igv.bed" clazz="org.broad.igv.track.FeatureTrack" colorScale="ContinuousColorScale;0.0;56.0;255,255,255;0,0,178" fontSize="10" groupByStrand="false" id="./wabi_chipatlas_2024-0808-2350-58-442-748087.igv.bed" name="colon" visible="true"/>
  </Panel>
  <PanelLayout dividerFractions="0.1,0.45,0.8"/>
  <HiddenAttributes>
    <Attribute name="DATA FILE"/>
    <Attribute name="DATA TYPE"/>
    <Attribute name="NAME"/>
  </HiddenAttributes>
</Session>
